{"stats":{"minecraft:crafted":{"minecraft:oak_door":3,"minecraft:oak_planks":904,"minecraft:stone_shovel":2,"minecraft:oak_sign":3,"minecraft:leather_leggings":1,"minecraft:oak_pressure_plate":2,"minecraft:cooked_chicken":6,"minecraft:furnace":1,"minecraft:cooked_mutton":12,"minecraft:glass":69,"minecraft:stone_pickaxe":8,"minecraft:chest":12,"minecraft:birch_door":6,"minecraft:stone_hoe":2,"minecraft:oak_fence":27,"minecraft:wheat":117,"minecraft:cooked_beef":5,"minecraft:cooked_porkchop":15,"minecraft:crafting_table":6,"minecraft:wooden_pickaxe":1,"minecraft:birch_planks":664,"minecraft:campfire":1,"minecraft:stone_axe":18,"minecraft:bread":39,"minecraft:air":0,"minecraft:jungle_planks":20,"minecraft:oak_boat":2,"minecraft:stick":128,"minecraft:iron_ingot":7,"minecraft:iron_pickaxe":1,"minecraft:oak_stairs":36,"minecraft:wooden_axe":1,"minecraft:gold_ingot":1,"minecraft:white_bed":1,"minecraft:torch":60},"minecraft:used":{"minecraft:oak_fence":31,"minecraft:stone_sword":9,"minecraft:oak_sign":3,"minecraft:chest":43,"minecraft:cooked_chicken":3,"minecraft:oak_door":6,"minecraft:torch":120,"minecraft:dirt":39,"minecraft:jungle_planks":8,"minecraft:tuff":2,"minecraft:granite":25,"minecraft:birch_door":7,"minecraft:wooden_axe":51,"minecraft:oak_stairs":16,"minecraft:birch_sapling":4,"minecraft:furnace":3,"minecraft:cooked_beef":8,"minecraft:cobbled_deepslate":70,"minecraft:cherry_log":1,"minecraft:light_gray_bed":1,"minecraft:wheat_seeds":13,"minecraft:cooked_mutton":9,"minecraft:leather_leggings":1,"minecraft:birch_planks":297,"minecraft:lead":3,"minecraft:stone_pickaxe":485,"minecraft:oak_planks":447,"minecraft:wooden_pickaxe":28,"minecraft:sugar_cane":34,"minecraft:sand":100,"minecraft:crafting_table":14,"minecraft:white_bed":11,"minecraft:campfire":1,"minecraft:oak_log":56,"minecraft:apple":13,"minecraft:bread":13,"minecraft:melon_slice":99,"minecraft:iron_pickaxe":14,"minecraft:oak_pressure_plate":4,"minecraft:stone_axe":1443,"minecraft:cobblestone":104,"minecraft:cooked_porkchop":11,"minecraft:oak_boat":5,"minecraft:kelp":2},"minecraft:mined":{"minecraft:tuff":3,"minecraft:white_bed":9,"minecraft:oak_door":3,"minecraft:cherry_log":1,"minecraft:granite":28,"minecraft:grass_block":10,"minecraft:jungle_planks":8,"minecraft:jungle_log":9,"minecraft:light_gray_bed":1,"minecraft:oak_pressure_plate":2,"minecraft:sandstone":3,"minecraft:oak_wall_sign":2,"minecraft:hay_block":14,"minecraft:tall_seagrass":1,"minecraft:furnace":2,"minecraft:iron_ore":14,"minecraft:fire":1,"minecraft:cobbled_deepslate":4,"minecraft:andesite":1,"minecraft:deepslate_lapis_ore":9,"minecraft:vine":4,"minecraft:oak_stairs":8,"minecraft:stone":251,"minecraft:deepslate_redstone_ore":2,"minecraft:oak_fence":5,"minecraft:crafting_table":7,"minecraft:torch":5,"minecraft:short_grass":196,"minecraft:melon":37,"minecraft:chest":32,"minecraft:copper_ore":4,"minecraft:tall_grass":33,"minecraft:cobblestone":9,"minecraft:oak_planks":77,"minecraft:sugar_cane":88,"minecraft:wall_torch":20,"minecraft:diorite":15,"minecraft:birch_planks":23,"minecraft:birch_log":423,"minecraft:birch_leaves":7,"minecraft:birch_door":3,"minecraft:coal_ore":81,"minecraft:oak_log":714,"minecraft:sand":44,"minecraft:dirt":15,"minecraft:oak_leaves":82,"minecraft:deepslate":93,"minecraft:fern":6},"minecraft:killed":{"minecraft:spider":2,"minecraft:skeleton":8,"minecraft:chicken":11,"minecraft:pig":11,"minecraft:creeper":1,"minecraft:sheep":12,"minecraft:trader_llama":2,"minecraft:zombie":9,"minecraft:cow":5},"minecraft:killed_by":{"minecraft:creeper":3,"minecraft:drowned":1,"minecraft:skeleton":2},"minecraft:custom":{"minecraft:mob_kills":63,"minecraft:interact_with_crafting_table":69,"minecraft:interact_with_campfire":22,"minecraft:leave_game":18,"minecraft:time_since_death":48223,"minecraft:climb_one_cm":3723,"minecraft:sprint_one_cm":1045358,"minecraft:walk_one_cm":992544,"minecraft:drop":188,"minecraft:talked_to_villager":3,"minecraft:play_time":394237,"minecraft:sneak_time":30232,"minecraft:deaths":10,"minecraft:walk_under_water_one_cm":30273,"minecraft:boat_one_cm":514605,"minecraft:jump":8472,"minecraft:walk_on_water_one_cm":34679,"minecraft:total_world_time":398899,"minecraft:interact_with_furnace":66,"minecraft:sleep_in_bed":37,"minecraft:time_since_rest":9117,"minecraft:damage_taken":7729,"minecraft:damage_dealt":7196,"minecraft:player_kills":4,"minecraft:swim_one_cm":63500,"minecraft:fly_one_cm":1990770,"minecraft:open_chest":395,"minecraft:crouch_one_cm":63466,"minecraft:fall_one_cm":237211},"minecraft:dropped":{"minecraft:iron_ingot":12,"minecraft:stone_hoe":2,"minecraft:bread":9,"minecraft:birch_planks":68,"minecraft:short_grass":3,"minecraft:wheat_seeds":7,"minecraft:cooked_beef":1,"minecraft:oak_log":220,"minecraft:diamond":11,"minecraft:crafting_table":1,"minecraft:oak_fence":8,"minecraft:cobblestone":120,"minecraft:prismarine_crystals":10,"minecraft:granite":1,"minecraft:jungle_planks":8,"minecraft:coal":82,"minecraft:stick":15,"minecraft:emerald":4,"minecraft:dirt":4,"minecraft:torch":30,"minecraft:melon_slice":15,"minecraft:potion":2,"minecraft:jungle_sapling":2,"minecraft:heart_of_the_sea":1,"minecraft:oak_stairs":58,"minecraft:iron_pickaxe":3,"minecraft:birch_log":79,"minecraft:gold_ingot":16,"minecraft:bone":10,"minecraft:stone_axe":7,"minecraft:cooked_chicken":4,"minecraft:cobbled_deepslate":1,"minecraft:raw_copper":2,"minecraft:raw_iron":5,"minecraft:rotten_flesh":6,"minecraft:oak_planks":61,"minecraft:cooked_mutton":6,"minecraft:filled_map":2,"minecraft:andesite":1,"minecraft:jungle_log":7,"minecraft:leather_leggings":1,"minecraft:bow":1,"minecraft:arrow":7,"minecraft:stone_pickaxe":5,"minecraft:wooden_pickaxe":1,"minecraft:raw_gold":8,"minecraft:scaffolding":1},"minecraft:broken":{"minecraft:stone_pickaxe":3,"minecraft:stone_axe":9},"minecraft:picked_up":{"minecraft:wooden_axe":2,"minecraft:birch_door":3,"minecraft:crafting_table":10,"minecraft:wheat":3,"minecraft:azure_bluet":1,"minecraft:chicken":19,"minecraft:golden_pickaxe":1,"minecraft:leather_leggings":1,"minecraft:lead":17,"minecraft:wooden_pickaxe":4,"minecraft:oak_stairs":45,"minecraft:gold_block":1,"minecraft:potion":1,"minecraft:shield":1,"minecraft:string":4,"minecraft:raw_copper":32,"minecraft:oak_sign":2,"minecraft:gold_nugget":7,"minecraft:cobbled_deepslate":105,"minecraft:beef":12,"minecraft:oak_boat":4,"minecraft:jungle_sapling":2,"minecraft:iron_pickaxe":3,"minecraft:melon_slice":299,"minecraft:sugar_cane":214,"minecraft:chest":34,"minecraft:birch_sapling":13,"minecraft:furnace":2,"minecraft:egg":4,"minecraft:sandstone":5,"minecraft:stick":74,"minecraft:raw_iron":22,"minecraft:oak_door":4,"minecraft:copper_ingot":1,"minecraft:oak_fence":14,"minecraft:torch":145,"minecraft:fire_charge":2,"minecraft:porkchop":19,"minecraft:golden_axe":1,"minecraft:cherry_log":1,"minecraft:diorite":45,"minecraft:redstone":135,"minecraft:prismarine_crystals":5,"minecraft:golden_chestplate":1,"minecraft:stone_sword":1,"minecraft:arrow":25,"minecraft:stone_shovel":2,"minecraft:light_gray_bed":1,"minecraft:rotten_flesh":19,"minecraft:hay_block":13,"minecraft:gold_ingot":17,"minecraft:obsidian":5,"minecraft:mutton":31,"minecraft:white_wool":25,"minecraft:cobblestone":423,"minecraft:birch_log":500,"minecraft:feather":26,"minecraft:cooked_beef":7,"minecraft:water_bucket":1,"minecraft:andesite":5,"minecraft:jungle_log":16,"minecraft:leather":11,"minecraft:golden_leggings":1,"minecraft:filled_map":1,"minecraft:birch_planks":232,"minecraft:flint":3,"minecraft:tuff":4,"minecraft:oak_log":940,"minecraft:golden_boots":2,"minecraft:gunpowder":4,"minecraft:lapis_lazuli":52,"minecraft:dirt":76,"minecraft:paper":1,"minecraft:cooked_mutton":13,"minecraft:glass":47,"minecraft:bone":29,"minecraft:apple":14,"minecraft:kelp":152,"minecraft:bow":3,"minecraft:wheat_seeds":35,"minecraft:raw_gold":8,"minecraft:iron_ingot":6,"minecraft:stone_pickaxe":6,"minecraft:cooked_chicken":13,"minecraft:stone_hoe":2,"minecraft:oak_planks":131,"minecraft:acacia_sapling":5,"minecraft:scaffolding":1,"minecraft:cooked_porkchop":1,"minecraft:pumpkin":7,"minecraft:dandelion":4,"minecraft:oak_pressure_plate":2,"minecraft:sand":254,"minecraft:jungle_planks":65,"minecraft:white_bed":10,"minecraft:spider_eye":2,"minecraft:sugar":2,"minecraft:diamond":13,"minecraft:stone_axe":15,"minecraft:short_grass":6,"minecraft:iron_helmet":1,"minecraft:granite":34,"minecraft:emerald":1,"minecraft:bread":58,"minecraft:oak_sapling":62,"minecraft:melon_seeds":1,"minecraft:coal":130}},"DataVersion":3953}