{"stats":{"minecraft:crafted":{"minecraft:oak_door":3,"minecraft:oak_planks":980,"minecraft:stone_shovel":3,"minecraft:oak_pressure_plate":3,"minecraft:furnace":2,"minecraft:cherry_sapling":1,"minecraft:glass_pane":192,"minecraft:scaffolding":6,"minecraft:glass":59,"minecraft:bow":1,"minecraft:stone_pickaxe":1,"minecraft:chest":5,"minecraft:birch_door":3,"minecraft:oak_fence":90,"minecraft:wheat":9,"minecraft:cooked_porkchop":3,"minecraft:crafting_table":3,"minecraft:wooden_pickaxe":1,"minecraft:iron_helmet":2,"minecraft:bucket":1,"minecraft:birch_planks":1044,"minecraft:stone_axe":4,"minecraft:jungle_slab":6,"minecraft:bread":13,"minecraft:air":0,"minecraft:jungle_planks":68,"minecraft:light_gray_bed":1,"minecraft:oak_fence_gate":2,"minecraft:shield":2,"minecraft:stick":120,"minecraft:iron_ingot":22,"minecraft:iron_pickaxe":1,"minecraft:stone_sword":1,"minecraft:light_gray_dye":1,"minecraft:white_bed":1,"minecraft:torch":148},"minecraft:used":{"minecraft:oak_fence":92,"minecraft:cherry_sapling":1,"minecraft:stone_sword":5,"minecraft:stone_shovel":530,"minecraft:chest":13,"minecraft:shield":2,"minecraft:cooked_chicken":3,"minecraft:stone_hoe":89,"minecraft:oak_door":2,"minecraft:torch":79,"minecraft:dirt":166,"minecraft:jungle_planks":4,"minecraft:jungle_slab":6,"minecraft:acacia_sapling":4,"minecraft:tuff":3,"minecraft:oak_fence_gate":2,"minecraft:birch_door":4,"minecraft:glass":27,"minecraft:birch_sapling":3,"minecraft:oak_stairs":33,"minecraft:melon_seeds":1,"minecraft:bamboo":20,"minecraft:bow":11,"minecraft:scaffolding":9,"minecraft:oak_sapling":36,"minecraft:furnace":2,"minecraft:egg":5,"minecraft:cooked_beef":1,"minecraft:cobbled_deepslate":30,"minecraft:light_gray_bed":10,"minecraft:wheat_seeds":123,"minecraft:cooked_mutton":16,"minecraft:water_bucket":17,"minecraft:birch_planks":1482,"minecraft:stone_pickaxe":183,"minecraft:oak_planks":1273,"minecraft:wooden_pickaxe":15,"minecraft:sand":107,"minecraft:crafting_table":5,"minecraft:white_bed":1,"minecraft:oak_log":143,"minecraft:apple":2,"minecraft:melon_slice":103,"minecraft:bread":45,"minecraft:iron_pickaxe":151,"minecraft:oak_pressure_plate":4,"minecraft:stone_axe":818,"minecraft:fire_charge":1,"minecraft:cobblestone":128,"minecraft:porkchop":4,"minecraft:cooked_porkchop":2,"minecraft:andesite":8,"minecraft:bucket":18,"minecraft:glass_pane":183,"minecraft:oak_boat":1},"minecraft:mined":{"minecraft:tuff":9,"minecraft:white_bed":2,"minecraft:deepslate_diamond_ore":3,"minecraft:jungle_leaves":13,"minecraft:glow_lichen":1,"minecraft:grass_block":93,"minecraft:jungle_planks":2,"minecraft:jungle_log":20,"minecraft:light_gray_bed":9,"minecraft:oak_pressure_plate":1,"minecraft:sandstone":2,"minecraft:oxeye_daisy":1,"minecraft:redstone_ore":4,"minecraft:furnace":1,"minecraft:iron_ore":9,"minecraft:cobbled_deepslate":2,"minecraft:fire":47,"minecraft:andesite":9,"minecraft:pumpkin":7,"minecraft:deepslate_lapis_ore":6,"minecraft:azure_bluet":1,"minecraft:deepslate_iron_ore":21,"minecraft:vine":8,"minecraft:oak_stairs":25,"minecraft:bamboo_sapling":1,"minecraft:bamboo":3,"minecraft:stone":105,"minecraft:deepslate_redstone_ore":9,"minecraft:scaffolding":4,"minecraft:glass_pane":13,"minecraft:melon_stem":1,"minecraft:dandelion":2,"minecraft:oak_fence":11,"minecraft:crafting_table":5,"minecraft:torch":5,"minecraft:short_grass":111,"minecraft:melon":25,"minecraft:chest":9,"minecraft:copper_ore":1,"minecraft:tall_grass":5,"minecraft:glass":5,"minecraft:cobblestone":17,"minecraft:deepslate_gold_ore":9,"minecraft:oak_planks":367,"minecraft:wall_torch":6,"minecraft:deepslate_copper_ore":3,"minecraft:birch_planks":111,"minecraft:birch_log":6,"minecraft:wheat":47,"minecraft:birch_door":1,"minecraft:oak_log":88,"minecraft:coal_ore":92,"minecraft:gravel":1,"minecraft:sand":461,"minecraft:dirt":81,"minecraft:gold_ore":8,"minecraft:oak_leaves":27,"minecraft:deepslate":34,"minecraft:fern":21},"minecraft:killed":{"minecraft:witch":1,"minecraft:spider":2,"minecraft:skeleton":8,"minecraft:chicken":2,"minecraft:drowned":2,"minecraft:pig":2,"minecraft:wandering_trader":1,"minecraft:creeper":6,"minecraft:sheep":4,"minecraft:pillager":1,"minecraft:zombie":10},"minecraft:killed_by":{"minecraft:player":4,"minecraft:creeper":1,"minecraft:drowned":1,"minecraft:skeleton":3},"minecraft:custom":{"minecraft:mob_kills":39,"minecraft:animals_bred":3,"minecraft:interact_with_crafting_table":56,"minecraft:leave_game":12,"minecraft:time_since_death":46415,"minecraft:climb_one_cm":8254,"minecraft:sprint_one_cm":1087523,"minecraft:walk_one_cm":972589,"minecraft:damage_blocked_by_shield":105,"minecraft:drop":21,"minecraft:talked_to_villager":9,"minecraft:play_time":374210,"minecraft:sneak_time":20319,"minecraft:deaths":14,"minecraft:walk_under_water_one_cm":47738,"minecraft:boat_one_cm":483572,"minecraft:interact_with_brewingstand":1,"minecraft:jump":10788,"minecraft:walk_on_water_one_cm":59197,"minecraft:total_world_time":374210,"minecraft:interact_with_furnace":45,"minecraft:traded_with_villager":1,"minecraft:sleep_in_bed":36,"minecraft:time_since_rest":9117,"minecraft:damage_taken":8193,"minecraft:damage_dealt":6111,"minecraft:swim_one_cm":135419,"minecraft:fly_one_cm":2171087,"minecraft:open_chest":278,"minecraft:crouch_one_cm":57913,"minecraft:fall_one_cm":251332},"minecraft:dropped":{"minecraft:porkchop":1,"minecraft:short_grass":1,"minecraft:birch_planks":165,"minecraft:oak_log":32,"minecraft:diamond":2,"minecraft:iron_helmet":1,"minecraft:cobblestone":11,"minecraft:lead":1,"minecraft:torch":27,"minecraft:oak_stairs":17,"minecraft:iron_pickaxe":1,"minecraft:wheat":2,"minecraft:filled_map":1,"minecraft:shield":1,"minecraft:stone_pickaxe":1},"minecraft:broken":{"minecraft:stone_axe":5,"minecraft:stone_shovel":4},"minecraft:picked_up":{"minecraft:crafting_table":3,"minecraft:birch_door":1,"minecraft:wheat":40,"minecraft:azure_bluet":3,"minecraft:chicken":8,"minecraft:leather_leggings":1,"minecraft:lead":1,"minecraft:wooden_pickaxe":3,"minecraft:oak_stairs":83,"minecraft:potion":1,"minecraft:string":3,"minecraft:raw_copper":10,"minecraft:cobbled_deepslate":42,"minecraft:oak_boat":1,"minecraft:jungle_sapling":4,"minecraft:iron_pickaxe":7,"minecraft:melon_slice":274,"minecraft:sugar_cane":7,"minecraft:chest":9,"minecraft:birch_sapling":7,"minecraft:furnace":1,"minecraft:egg":6,"minecraft:stick":36,"minecraft:raw_iron":35,"minecraft:copper_ingot":1,"minecraft:oak_fence":18,"minecraft:torch":32,"minecraft:porkchop":19,"minecraft:fire_charge":2,"minecraft:redstone":61,"minecraft:prismarine_crystals":5,"minecraft:rotten_flesh":18,"minecraft:arrow":18,"minecraft:stone_shovel":1,"minecraft:light_gray_bed":9,"minecraft:hay_block":1,"minecraft:gold_ingot":8,"minecraft:mutton":14,"minecraft:cobblestone":298,"minecraft:white_wool":3,"minecraft:oxeye_daisy":1,"minecraft:birch_log":149,"minecraft:feather":14,"minecraft:cooked_beef":3,"minecraft:andesite":9,"minecraft:jungle_log":35,"minecraft:filled_map":2,"minecraft:birch_planks":207,"minecraft:flint":1,"minecraft:tuff":8,"minecraft:oak_log":434,"minecraft:golden_boots":1,"minecraft:gunpowder":6,"minecraft:lapis_lazuli":45,"minecraft:dirt":179,"minecraft:cooked_mutton":6,"minecraft:bone":28,"minecraft:glass":5,"minecraft:apple":12,"minecraft:bow":2,"minecraft:wheat_seeds":139,"minecraft:heart_of_the_sea":1,"minecraft:raw_gold":25,"minecraft:iron_ingot":17,"minecraft:stone_pickaxe":11,"minecraft:cooked_chicken":8,"minecraft:bamboo":28,"minecraft:stone_hoe":2,"minecraft:oak_planks":408,"minecraft:scaffolding":5,"minecraft:pumpkin":7,"minecraft:dandelion":2,"minecraft:oak_pressure_plate":1,"minecraft:sand":906,"minecraft:jungle_planks":9,"minecraft:white_bed":1,"minecraft:spider_eye":1,"minecraft:sugar":2,"minecraft:diamond":9,"minecraft:stone_axe":10,"minecraft:short_grass":3,"minecraft:granite":2,"minecraft:emerald":4,"minecraft:bread":21,"minecraft:oak_sapling":49,"minecraft:melon_seeds":2,"minecraft:coal":200}},"DataVersion":3953}