{"stats":{"minecraft:killed":{"minecraft:spider":2,"minecraft:skeleton":3,"minecraft:chicken":11,"minecraft:pig":11,"minecraft:sheep":12,"minecraft:trader_llama":2,"minecraft:zombie":6,"minecraft:cow":5},"minecraft:used":{"minecraft:oak_fence":30,"minecraft:stone_sword":9,"minecraft:oak_sign":3,"minecraft:chest":19,"minecraft:cooked_chicken":2,"minecraft:oak_door":6,"minecraft:torch":50,"minecraft:dirt":39,"minecraft:jungle_planks":4,"minecraft:tuff":2,"minecraft:granite":25,"minecraft:birch_door":6,"minecraft:wooden_axe":51,"minecraft:oak_stairs":16,"minecraft:birch_sapling":4,"minecraft:furnace":2,"minecraft:cooked_beef":8,"minecraft:cobbled_deepslate":64,"minecraft:cherry_log":1,"minecraft:light_gray_bed":1,"minecraft:wheat_seeds":13,"minecraft:cooked_mutton":6,"minecraft:leather_leggings":1,"minecraft:birch_planks":189,"minecraft:lead":3,"minecraft:stone_pickaxe":385,"minecraft:oak_planks":447,"minecraft:wooden_pickaxe":20,"minecraft:sugar_cane":34,"minecraft:sand":64,"minecraft:crafting_table":9,"minecraft:white_bed":9,"minecraft:campfire":1,"minecraft:oak_log":56,"minecraft:apple":13,"minecraft:bread":2,"minecraft:melon_slice":88,"minecraft:oak_pressure_plate":2,"minecraft:stone_axe":1335,"minecraft:cobblestone":91,"minecraft:cooked_porkchop":8,"minecraft:oak_boat":4,"minecraft:kelp":2},"minecraft:picked_up":{"minecraft:wooden_axe":1,"minecraft:birch_door":3,"minecraft:crafting_table":8,"minecraft:wheat":2,"minecraft:chicken":18,"minecraft:lead":15,"minecraft:wooden_pickaxe":1,"minecraft:oak_stairs":8,"minecraft:string":1,"minecraft:raw_copper":17,"minecraft:oak_sign":2,"minecraft:cobbled_deepslate":66,"minecraft:beef":12,"minecraft:oak_boat":3,"minecraft:iron_pickaxe":1,"minecraft:melon_slice":242,"minecraft:sugar_cane":114,"minecraft:chest":11,"minecraft:birch_sapling":10,"minecraft:egg":4,"minecraft:furnace":2,"minecraft:stick":21,"minecraft:raw_iron":17,"minecraft:oak_door":3,"minecraft:oak_fence":5,"minecraft:torch":12,"minecraft:porkchop":19,"minecraft:cherry_log":1,"minecraft:diorite":30,"minecraft:redstone":84,"minecraft:stone_shovel":1,"minecraft:rotten_flesh":7,"minecraft:stone_sword":1,"minecraft:arrow":8,"minecraft:light_gray_bed":1,"minecraft:hay_block":13,"minecraft:mutton":28,"minecraft:cobblestone":348,"minecraft:white_wool":15,"minecraft:birch_log":500,"minecraft:feather":15,"minecraft:cooked_beef":7,"minecraft:andesite":4,"minecraft:jungle_log":9,"minecraft:leather":9,"minecraft:birch_planks":27,"minecraft:flint":2,"minecraft:tuff":2,"minecraft:oak_log":848,"minecraft:dirt":69,"minecraft:cooked_mutton":10,"minecraft:bone":11,"minecraft:apple":14,"minecraft:kelp":102,"minecraft:wheat_seeds":35,"minecraft:stone_pickaxe":3,"minecraft:cooked_chicken":2,"minecraft:oak_planks":92,"minecraft:cooked_porkchop":1,"minecraft:dandelion":2,"minecraft:jungle_planks":53,"minecraft:sand":27,"minecraft:white_bed":8,"minecraft:spider_eye":1,"minecraft:diamond":7,"minecraft:stone_axe":11,"minecraft:granite":31,"minecraft:grass":1,"minecraft:bread":15,"minecraft:oak_sapling":41,"minecraft:coal":54},"minecraft:broken":{"minecraft:stone_pickaxe":3,"minecraft:stone_axe":8},"minecraft:dropped":{"minecraft:stone_hoe":2,"minecraft:wheat_seeds":7,"minecraft:cooked_beef":1,"minecraft:oak_log":220,"minecraft:diamond":5,"minecraft:crafting_table":1,"minecraft:cobblestone":101,"minecraft:granite":1,"minecraft:coal":48,"minecraft:stick":1,"minecraft:emerald":4,"minecraft:dirt":4,"minecraft:grass":3,"minecraft:torch":12,"minecraft:melon_slice":15,"minecraft:oak_stairs":24,"minecraft:iron_pickaxe":2,"minecraft:birch_log":79,"minecraft:bone":3,"minecraft:stone_axe":3,"minecraft:cobbled_deepslate":1,"minecraft:raw_copper":2,"minecraft:raw_iron":2,"minecraft:oak_planks":25,"minecraft:cooked_mutton":6,"minecraft:andesite":1,"minecraft:leather_leggings":1,"minecraft:arrow":1,"minecraft:stone_pickaxe":4},"minecraft:crafted":{"minecraft:oak_door":3,"minecraft:oak_planks":900,"minecraft:stone_shovel":2,"minecraft:oak_sign":3,"minecraft:leather_leggings":1,"minecraft:oak_pressure_plate":2,"minecraft:cooked_chicken":6,"minecraft:cooked_mutton":12,"minecraft:glass":69,"minecraft:stone_pickaxe":6,"minecraft:chest":12,"minecraft:birch_door":3,"minecraft:stone_hoe":2,"minecraft:oak_fence":27,"minecraft:wheat":117,"minecraft:cooked_beef":5,"minecraft:cooked_porkchop":15,"minecraft:crafting_table":5,"minecraft:wooden_pickaxe":1,"minecraft:birch_planks":664,"minecraft:campfire":1,"minecraft:stone_axe":18,"minecraft:bread":39,"minecraft:air":0,"minecraft:jungle_planks":20,"minecraft:oak_boat":1,"minecraft:stick":124,"minecraft:iron_ingot":7,"minecraft:iron_pickaxe":1,"minecraft:oak_stairs":36,"minecraft:wooden_axe":1,"minecraft:gold_ingot":1,"minecraft:white_bed":1,"minecraft:torch":56},"minecraft:killed_by":{"minecraft:creeper":3,"minecraft:drowned":1,"minecraft:skeleton":1},"minecraft:mined":{"minecraft:tuff":3,"minecraft:white_bed":7,"minecraft:oak_door":3,"minecraft:cherry_log":1,"minecraft:granite":28,"minecraft:grass_block":9,"minecraft:jungle_planks":4,"minecraft:jungle_log":9,"minecraft:light_gray_bed":1,"minecraft:oak_wall_sign":2,"minecraft:hay_block":14,"minecraft:tall_seagrass":1,"minecraft:furnace":2,"minecraft:fire":1,"minecraft:cobbled_deepslate":4,"minecraft:iron_ore":9,"minecraft:andesite":1,"minecraft:vine":4,"minecraft:oak_stairs":8,"minecraft:stone":231,"minecraft:oak_fence":4,"minecraft:crafting_table":5,"minecraft:torch":1,"minecraft:melon":37,"minecraft:chest":11,"minecraft:tall_grass":32,"minecraft:copper_ore":4,"minecraft:cobblestone":7,"minecraft:sugar_cane":58,"minecraft:oak_planks":75,"minecraft:diorite":15,"minecraft:wall_torch":11,"minecraft:birch_planks":16,"minecraft:birch_log":423,"minecraft:birch_leaves":7,"minecraft:birch_door":3,"minecraft:grass":192,"minecraft:oak_log":668,"minecraft:coal_ore":37,"minecraft:sand":27,"minecraft:dirt":15,"minecraft:oak_leaves":76,"minecraft:deepslate":59,"minecraft:fern":6},"minecraft:custom":{"minecraft:mob_kills":54,"minecraft:interact_with_crafting_table":55,"minecraft:interact_with_campfire":18,"minecraft:leave_game":12,"minecraft:time_since_death":43970,"minecraft:climb_one_cm":1145,"minecraft:sprint_one_cm":763370,"minecraft:walk_one_cm":787183,"minecraft:drop":145,"minecraft:talked_to_villager":3,"minecraft:play_time":307594,"minecraft:deaths":9,"minecraft:sneak_time":26042,"minecraft:walk_under_water_one_cm":24685,"minecraft:boat_one_cm":269929,"minecraft:jump":6881,"minecraft:walk_on_water_one_cm":33005,"minecraft:total_world_time":310152,"minecraft:interact_with_furnace":63,"minecraft:sleep_in_bed":30,"minecraft:time_since_rest":0,"minecraft:damage_taken":6577,"minecraft:damage_dealt":5771,"minecraft:swim_one_cm":58385,"minecraft:fly_one_cm":1637093,"minecraft:player_kills":4,"minecraft:open_chest":206,"minecraft:crouch_one_cm":52471,"minecraft:fall_one_cm":208724}},"DataVersion":3465}