{"stats":{"minecraft:killed":{"minecraft:witch":1,"minecraft:spider":2,"minecraft:skeleton":2,"minecraft:chicken":2,"minecraft:drowned":2,"minecraft:pig":2,"minecraft:wandering_trader":1,"minecraft:creeper":2,"minecraft:sheep":4,"minecraft:pillager":1,"minecraft:zombie":4},"minecraft:used":{"minecraft:oak_fence":38,"minecraft:cherry_sapling":1,"minecraft:stone_sword":5,"minecraft:stone_shovel":530,"minecraft:chest":13,"minecraft:stone_hoe":89,"minecraft:oak_door":2,"minecraft:torch":42,"minecraft:dirt":165,"minecraft:jungle_planks":4,"minecraft:jungle_slab":6,"minecraft:acacia_sapling":4,"minecraft:oak_fence_gate":2,"minecraft:birch_door":4,"minecraft:glass":27,"minecraft:oak_stairs":33,"minecraft:birch_sapling":3,"minecraft:melon_seeds":1,"minecraft:oak_sapling":36,"minecraft:furnace":2,"minecraft:egg":5,"minecraft:cooked_beef":1,"minecraft:cobbled_deepslate":7,"minecraft:light_gray_bed":8,"minecraft:wheat_seeds":36,"minecraft:cooked_mutton":14,"minecraft:water_bucket":17,"minecraft:birch_planks":1273,"minecraft:stone_pickaxe":183,"minecraft:oak_planks":1273,"minecraft:wooden_pickaxe":15,"minecraft:sand":98,"minecraft:crafting_table":5,"minecraft:white_bed":1,"minecraft:oak_log":136,"minecraft:apple":2,"minecraft:bread":21,"minecraft:melon_slice":103,"minecraft:iron_pickaxe":58,"minecraft:oak_pressure_plate":4,"minecraft:stone_axe":684,"minecraft:fire_charge":1,"minecraft:cobblestone":101,"minecraft:porkchop":4,"minecraft:cooked_porkchop":2,"minecraft:andesite":8,"minecraft:bucket":18,"minecraft:glass_pane":142,"minecraft:oak_boat":1},"minecraft:picked_up":{"minecraft:birch_door":1,"minecraft:crafting_table":2,"minecraft:azure_bluet":3,"minecraft:chicken":8,"minecraft:leather_leggings":1,"minecraft:lead":1,"minecraft:wooden_pickaxe":2,"minecraft:oak_stairs":49,"minecraft:string":3,"minecraft:raw_copper":2,"minecraft:cobbled_deepslate":18,"minecraft:oak_boat":1,"minecraft:iron_pickaxe":6,"minecraft:sugar_cane":7,"minecraft:melon_slice":265,"minecraft:chest":9,"minecraft:birch_sapling":7,"minecraft:egg":6,"minecraft:stick":20,"minecraft:raw_iron":10,"minecraft:copper_ingot":1,"minecraft:oak_fence":3,"minecraft:torch":28,"minecraft:fire_charge":2,"minecraft:porkchop":19,"minecraft:redstone":42,"minecraft:rotten_flesh":9,"minecraft:arrow":9,"minecraft:stone_shovel":1,"minecraft:light_gray_bed":7,"minecraft:hay_block":1,"minecraft:mutton":14,"minecraft:cobblestone":277,"minecraft:white_wool":3,"minecraft:oxeye_daisy":1,"minecraft:birch_log":149,"minecraft:feather":14,"minecraft:cooked_beef":3,"minecraft:andesite":9,"minecraft:jungle_log":25,"minecraft:birch_planks":156,"minecraft:flint":1,"minecraft:tuff":1,"minecraft:oak_log":432,"minecraft:gunpowder":3,"minecraft:dirt":176,"minecraft:cooked_mutton":6,"minecraft:bone":16,"minecraft:glass":5,"minecraft:apple":12,"minecraft:bow":1,"minecraft:wheat_seeds":26,"minecraft:stone_pickaxe":11,"minecraft:iron_ingot":5,"minecraft:cooked_chicken":4,"minecraft:oak_planks":335,"minecraft:stone_hoe":2,"minecraft:pumpkin":7,"minecraft:dandelion":2,"minecraft:oak_pressure_plate":1,"minecraft:jungle_planks":1,"minecraft:sand":897,"minecraft:white_bed":1,"minecraft:spider_eye":1,"minecraft:sugar":2,"minecraft:diamond":4,"minecraft:stone_axe":7,"minecraft:granite":2,"minecraft:grass":3,"minecraft:bread":12,"minecraft:emerald":4,"minecraft:oak_sapling":48,"minecraft:melon_seeds":2,"minecraft:coal":165},"minecraft:broken":{"minecraft:stone_axe":5,"minecraft:stone_shovel":4},"minecraft:dropped":{"minecraft:porkchop":1,"minecraft:oak_log":32,"minecraft:cobblestone":11,"minecraft:lead":1,"minecraft:grass":1,"minecraft:torch":1,"minecraft:wheat":2,"minecraft:stone_pickaxe":1},"minecraft:crafted":{"minecraft:oak_door":3,"minecraft:oak_planks":916,"minecraft:stone_shovel":3,"minecraft:oak_pressure_plate":3,"minecraft:furnace":2,"minecraft:cherry_sapling":1,"minecraft:glass_pane":144,"minecraft:glass":59,"minecraft:stone_pickaxe":1,"minecraft:chest":5,"minecraft:birch_door":3,"minecraft:oak_fence":42,"minecraft:wheat":9,"minecraft:cooked_porkchop":3,"minecraft:crafting_table":3,"minecraft:wooden_pickaxe":1,"minecraft:birch_planks":1044,"minecraft:bucket":1,"minecraft:stone_axe":3,"minecraft:jungle_slab":6,"minecraft:air":0,"minecraft:jungle_planks":68,"minecraft:light_gray_bed":1,"minecraft:oak_fence_gate":2,"minecraft:stick":72,"minecraft:iron_ingot":5,"minecraft:stone_sword":1,"minecraft:light_gray_dye":1,"minecraft:white_bed":1,"minecraft:torch":36},"minecraft:killed_by":{"minecraft:player":4,"minecraft:creeper":1,"minecraft:drowned":1,"minecraft:skeleton":1},"minecraft:mined":{"minecraft:white_bed":2,"minecraft:deepslate_diamond_ore":2,"minecraft:jungle_leaves":2,"minecraft:glow_lichen":1,"minecraft:grass_block":90,"minecraft:jungle_planks":2,"minecraft:jungle_log":17,"minecraft:light_gray_bed":7,"minecraft:oak_pressure_plate":1,"minecraft:oxeye_daisy":1,"minecraft:cobbled_deepslate":1,"minecraft:iron_ore":1,"minecraft:fire":6,"minecraft:andesite":9,"minecraft:pumpkin":7,"minecraft:azure_bluet":1,"minecraft:deepslate_iron_ore":7,"minecraft:vine":3,"minecraft:oak_stairs":25,"minecraft:stone":101,"minecraft:deepslate_redstone_ore":9,"minecraft:glass_pane":12,"minecraft:melon_stem":1,"minecraft:dandelion":2,"minecraft:oak_fence":4,"minecraft:crafting_table":4,"minecraft:torch":4,"minecraft:melon":23,"minecraft:chest":9,"minecraft:glass":5,"minecraft:tall_grass":5,"minecraft:copper_ore":1,"minecraft:cobblestone":17,"minecraft:oak_planks":327,"minecraft:wall_torch":5,"minecraft:birch_planks":96,"minecraft:birch_log":6,"minecraft:wheat":5,"minecraft:birch_door":1,"minecraft:grass":99,"minecraft:oak_log":85,"minecraft:coal_ore":92,"minecraft:gravel":1,"minecraft:sand":454,"minecraft:dirt":81,"minecraft:oak_leaves":12,"minecraft:deepslate":11,"minecraft:fern":18},"minecraft:custom":{"minecraft:mob_kills":23,"minecraft:animals_bred":3,"minecraft:interact_with_crafting_table":38,"minecraft:leave_game":9,"minecraft:time_since_death":37907,"minecraft:climb_one_cm":2541,"minecraft:sprint_one_cm":791965,"minecraft:walk_one_cm":808916,"minecraft:drop":9,"minecraft:talked_to_villager":9,"minecraft:play_time":296603,"minecraft:deaths":12,"minecraft:sneak_time":17281,"minecraft:walk_under_water_one_cm":41571,"minecraft:boat_one_cm":255995,"minecraft:jump":8642,"minecraft:interact_with_brewingstand":1,"minecraft:walk_on_water_one_cm":54986,"minecraft:total_world_time":296603,"minecraft:interact_with_furnace":34,"minecraft:traded_with_villager":1,"minecraft:sleep_in_bed":30,"minecraft:time_since_rest":31,"minecraft:damage_taken":6402,"minecraft:damage_dealt":3799,"minecraft:swim_one_cm":111450,"minecraft:fly_one_cm":1753438,"minecraft:open_chest":235,"minecraft:crouch_one_cm":48163,"minecraft:fall_one_cm":205900}},"DataVersion":3465}