{"stat.chestOpened":142,"stat.pickup.rustic.wildberry_bush":2,"stat.pickup.minecraft.bone":12,"stat.craftItem.minecraft.sign":3,"stat.pickup.minecraft.sign":2,"stat.pickup.minecraft.gravel":4,"stat.leaveGame":1,"stat.pickup.minecraft.iron_sword":6,"stat.pickup.minecraft.arrow":138,"stat.mineBlock.minecraft.cobblestone":14,"stat.useItem.minecraft.log2":1,"stat.pickup.minecraft.flint":2,"maka.kill":3,"stat.pickup.rustic.candle":7,"stat.useItem.minecraft.apple":4,"stat.pickup.roughtweaks.bandage":1,"stat.pickup.minecraft.obsidian":8,"stat.pickup.simpledifficulty.purified_water_bottle":3,"stat.pickup.minecraft.gold_nugget":55,"stat.useItem.minecraft.carpet":11,"stat.jump":1243,"stat.swimOneCm":20403,"stat.pickup.minecraft.coal":4,"stat.fallOneCm":28632,"stat.climbOneCm":2636,"stat.useItem.minecraft.planks":18,"stat.pickup.minecraft.iron_ingot":15,"stat.pickup.minecraft.golden_boots":1,"stat.pickup.firstaid.bandage":1,"stat.pickup.minecraft.carrot":29,"stat.pickup.minecraft.glowstone_dust":2,"stat.useItem.minecraft.stone_axe":194,"stat.pickup.minecraft.gunpowder":10,"stat.pickup.minecraft.porkchop":19,"stat.crouchOneCm":9104,"stat.pickup.iceandfire.chared_stone":1,"stat.mineBlock.minecraft.chest":6,"stat.pickup.minecraft.spider_eye":1,"stat.pickup.variedcommodities.diamond_skirt":1,"stat.pickup.minecraft.dirt":9,"stat.useItem.minecraft.stone_slab2":24,"stat.pickup.minecraft.bow":1,"stat.mineBlock.rustic.candle":7,"stat.craftingTableInteraction":13,"stat.pickup.minecraft.rotten_flesh":6,"stat.entityKilledBy.siren":1,"roc.kill":2,"stat.pickup.notreepunching.rock/sandstone":4,"stat.mineBlock.minecraft.iron_bars":1,"stat.craftItem.minecraft.stone_axe":3,"stat.mineBlock.minecraft.log2":21,"stat.mineBlock.minecraft.stone_stairs":2,"stat.damageTaken":3194,"stat.pickup.minecraft.feather":7,"stat.pickup.notreepunching.rock/stone":12,"stat.pickup.lycanitesmobs.raw_maka_meat":3,"stat.pickup.minecraft.bucket":1,"stat.pickup.minecraft.record_cat":1,"stat.craftItem.minecraft.stone_pickaxe":1,"stat.pickup.minecraft.cobblestone":32,"stat.mineBlock.minecraft.carpet":22,"stat.pickup.minecraft.log2":21,"stat.pickup.minecraft.dye":27,"stat.pickup.minecraft.planks":58,"stat.flyOneCm":308436,"stat.pickup.minecraft.bed":7,"stat.pickup.minecraft.chainmail_chestplate":1,"stat.pickup.minecraft.wheat_seeds":9,"stat.pickup.minecraft.potato":8,"stat.pickup.minecraft.fish":14,"stat.killEntity.Witch":2,"stat.entityKilledBy.Zombie":1,"stat.mineBlock.minecraft.gravel":6,"stat.useItem.minecraft.stone_pickaxe":37,"stat.pickup.simpledifficulty.juice":2,"stat.pickup.quark.tallow":2,"stat.damageDealt":4117,"stat.pickup.iceandfire.chared_grass":1,"stat.pickup.minecraft.redstone":17,"stat.sleepInBed":5,"stat.timeSinceDeath":2182,"stat.pickup.roughtweaks.medikit":1,"stat.useItem.minecraft.sign":2,"stat.killEntity.Pig":1,"stat.pickup.minecraft.chainmail_boots":1,"stat.walkOneCm":261338,"stat.pickup.minecraft.armor_stand":1,"stat.trappedChestTriggered":3,"stat.useItem.minecraft.chest":5,"stat.pickup.minecraft.stick":35,"stat.pickup.lycanitesmobs.cinderblade":1,"stat.pickup.minecraft.dark_oak_door":4,"stat.pickup.minecraft.chainmail_helmet":1,"stat.mineBlock.minecraft.vine":1,"stat.pickup.minecraft.crafting_table":3,"stat.pickup.rustic.wildberries":2,"stat.useItem.minecraft.cobblestone":9,"stat.pickup.lycanitesmobs.embercharge":2,"stat.mineBlock.minecraft.dark_oak_stairs":4,"stat.mineBlock.minecraft.double_plant":1,"stat.pickup.minecraft.carpet":23,"stat.pickup.variedcommodities.iron_skirt":1,"stat.pickup.foodexpansion.itemchocolatebar":5,"stat.talkedToVillager":7,"stat.pickup.scalinghealth.healingitem":1,"stat.pickup.iceandfire.manuscript":5,"stat.pickup.minecraft.log":29,"stat.pickup.variedcommodities.chain_skirt":1,"stat.entityKilledBy.Skeleton":1,"stat.pickup.dttraverse.autumn_redseed":2,"stat.pickup.minecraft.web":10,"stat.pickup.minecraft.chicken":5,"stat.pickup.minecraft.leather_helmet":1,"stat.pickup.minecraft.chainmail_leggings":1,"stat.pickup.minecraft.sapling":1,"quillbeast.kill":1,"stat.sprintOneCm":199504,"stat.pickup.minecraft.apple":18,"stat.useItem.minecraft.stone_stairs":1,"stat.pickup.minecraft.skull":1,"stat.pickup.minecraft.gold_ingot":1,"stat.pickup.variedcommodities.golden_skirt":2,"stat.mineBlock.rustic.wildberry_bush":2,"stat.mineBlock.iceandfire.goldpile":5,"stat.pickup.minecraft.stone_stairs":2,"stat.killEntity.familiarfauna.butterfly":1,"stat.craftItem.notreepunching.saw/iron":1,"stat.pickup.foodexpansion.itemcookedbacon":4,"stat.killEntity.Chicken":2,"stat.mineBlock.minecraft.crafting_table":3,"stat.killEntity.Spider":1,"stat.useItem.iceandfire.chared_dirt":11,"stat.pickup.minecraft.bread":15,"stat.pickup.minecraft.dark_oak_stairs":4,"stat.mobKills":21,"stat.pickup.minecraft.emerald":12,"stat.mineBlock.minecraft.log":25,"stat.pickup.minecraft.quartz":12,"stat.entityKilledBy.Creeper":2,"stat.deaths":11,"stat.mineBlock.minecraft.planks":40,"cinder.kill":3,"stat.mineBlock.minecraft.leaves":9,"stat.playOneMinute":74032,"stat.pickup.minecraft.jukebox":1,"stat.mineBlock.defiledlands.grass_defiled":2,"stat.sneakTime":3269,"stat.pickup.minecraft.wool":7,"stat.pickup.minecraft.rabbit":2,"stat.pickup.minecraft.item_frame":5,"stat.killEntity.Zombie":4,"stat.pickup.minecraft.iron_bars":1,"stat.pickup.iceandfire.chared_dirt":12,"stat.mineBlock.minecraft.jukebox":1,"stat.craftItem.minecraft.cobblestone":1,"stat.mineBlock.minecraft.tallgrass":72,"stat.diveOneCm":15553,"stat.pickup.minecraft.chest":8}