{"stat.chestOpened":70,"stat.pickup.dynamictrees.acaciaseed":1,"stat.drop.minecraft.stone_pickaxe":1,"stat.pickup.minecraft.bone":11,"stat.recordPlayed":1,"stat.pickup.minecraft.sign":2,"stat.pickup.minecraft.gravel":7,"stat.leaveGame":1,"stat.pickup.minecraft.arrow":2,"stat.useItem.minecraft.glass_bottle":17,"stat.pickup.minecraft.flint":1,"stat.useItem.minecraft.apple":2,"stat.killEntity.trumpetskeleton.TrumpetSkeleton":1,"stat.pickup.minecraft.obsidian":4,"stat.useItem.minecraft.potion":17,"stat.useItem.minecraft.glowstone":2,"stat.useItem.minecraft.rotten_flesh":2,"stat.swimOneCm":11492,"stat.jump":1313,"stat.pickup.minecraft.coal":6,"stat.fallOneCm":33541,"stat.climbOneCm":10615,"stat.useItem.minecraft.planks":19,"stat.pickup.minecraft.iron_ingot":1,"stat.pickup.scalinghealth.crystalshard":1,"stat.mineBlock.minecraft.web":1,"stat.pickup.minecraft.glowstone_dust":4,"stat.useItem.minecraft.stone_axe":19,"stat.craftItem.minecraft.bread":27,"stat.crouchOneCm":12804,"stat.pickup.minecraft.dirt":14,"stat.useItem.minecraft.dirt":13,"stat.useItem.minecraft.stone_slab2":10,"stat.mineBlock.realistictorches.torch_lit":1,"stat.craftingTableInteraction":9,"stat.pickup.minecraft.rotten_flesh":10,"stat.craftItem.minecraft.flint_and_steel":1,"stat.craftItem.minecraft.stone_axe":1,"stat.damageTaken":1420,"stat.pickup.minecraft.leather":6,"stat.pickup.notreepunching.rock/stone":134,"stat.craftItem.minecraft.stone_pickaxe":1,"stat.craftItem.minecraft.cooked_beef":4,"stat.pickup.minecraft.log2":6,"stat.pickup.minecraft.planks":2,"stat.pickup.notreepunching.rock/marble":3,"stat.craftItem.minecraft.stone_sword":1,"stat.flyOneCm":299961,"stat.pickup.minecraft.bed":1,"stat.pickup.minecraft.wheat_seeds":9,"stat.mineBlock.minecraft.gravel":6,"stat.pickup.defiledlands.dirt_defiled":1,"stat.useItem.minecraft.stone_pickaxe":45,"stat.useItem.minecraft.cooked_beef":1,"stat.useItem.minecraft.stone_sword":32,"stat.damageDealt":1455,"stat.sleepInBed":3,"stat.timeSinceDeath":4475,"stat.mineBlock.rustic.aloe_vera":1,"stat.mineBlock.minecraft.dirt":2,"stat.walkOneCm":190813,"stat.useItem.minecraft.bread":3,"stat.trappedChestTriggered":1,"stat.playerKills":1,"stat.pickup.minecraft.stick":27,"stat.furnaceInteraction":4,"stat.useItem.minecraft.gravel":5,"stat.mineBlock.minecraft.double_plant":1,"stat.mineBlock.minecraft.coal_ore":6,"stat.talkedToVillager":4,"stat.pickup.realistictorches.torch_unlit":1,"stat.noteblockPlayed":4,"stat.pickup.minecraft.log":27,"stat.pickup.minecraft.string":1,"stat.useItem.realistictorches.torch_unlit":3,"stat.craftItem.minecraft.wheat":81,"stat.pickup.minecraft.beef":4,"stat.craftItem.realistictorches.torch_unlit":4,"stat.craftItem.minecraft.stone_slab2":0,"stat.pickup.lycanitesmobs.spectralboltcharge":4,"stat.pickup.minecraft.hay_block":9,"stat.sprintOneCm":272382,"stat.useItem.minecraft.fence":1,"stat.killEntity.Skeleton":1,"stat.useItem.minecraft.flint_and_steel":1,"stat.mineBlock.minecraft.glowstone":1,"stat.mobKills":6,"stat.pickup.dynamictrees.oakseed":2,"stat.entityKilledBy.Creeper":1,"stat.mineBlock.quark.marble":1,"stat.deaths":4,"stat.mineBlock.minecraft.planks":2,"stat.drop":1,"stat.playOneMinute":72281,"stat.mineBlock.defiledlands.grass_defiled":1,"stat.sneakTime":3842,"stat.killEntity.Zombie":4,"stat.mineBlock.minecraft.hay_block":9,"stat.pickup.minecraft.yellow_flower":1,"stat.pickup.rustic.aloe_vera":2,"stat.craftItem.minecraft.cobblestone":9,"stat.mineBlock.minecraft.stone":35,"stat.mineBlock.minecraft.tallgrass":10,"stat.diveOneCm":13722}