{"stats":{"minecraft:mined":{"minecraft:white_bed":3,"minecraft:crafting_table":3,"minecraft:torch":1,"minecraft:grass_block":9,"minecraft:melon":24,"minecraft:jungle_log":9,"minecraft:light_gray_bed":1,"minecraft:tall_grass":10,"minecraft:copper_ore":4,"minecraft:cobblestone":5,"minecraft:sugar_cane":13,"minecraft:oak_planks":7,"minecraft:wall_torch":2,"minecraft:birch_planks":2,"minecraft:furnace":2,"minecraft:birch_log":392,"minecraft:iron_ore":6,"minecraft:andesite":1,"minecraft:birch_leaves":7,"minecraft:grass":56,"minecraft:oak_log":603,"minecraft:coal_ore":35,"minecraft:vine":4,"minecraft:sand":18,"minecraft:dirt":15,"minecraft:stone":121,"minecraft:oak_leaves":71,"minecraft:fern":5},"minecraft:broken":{"minecraft:stone_pickaxe":1,"minecraft:stone_axe":7},"minecraft:killed_by":{"minecraft:drowned":1},"minecraft:killed":{"minecraft:pig":11,"minecraft:spider":2,"minecraft:skeleton":1,"minecraft:sheep":8,"minecraft:chicken":9,"minecraft:cow":3},"minecraft:picked_up":{"minecraft:wooden_axe":1,"minecraft:birch_log":469,"minecraft:crafting_table":4,"minecraft:feather":11,"minecraft:cooked_beef":3,"minecraft:chicken":15,"minecraft:andesite":2,"minecraft:jungle_log":9,"minecraft:leather":2,"minecraft:wooden_pickaxe":1,"minecraft:birch_planks":10,"minecraft:flint":1,"minecraft:oak_log":701,"minecraft:dirt":60,"minecraft:raw_copper":15,"minecraft:cooked_mutton":10,"minecraft:bone":4,"minecraft:apple":14,"minecraft:wheat_seeds":19,"minecraft:cooked_chicken":2,"minecraft:stone_pickaxe":2,"minecraft:beef":9,"minecraft:melon_slice":134,"minecraft:sugar_cane":16,"minecraft:birch_sapling":10,"minecraft:oak_planks":8,"minecraft:furnace":2,"minecraft:egg":4,"minecraft:stick":16,"minecraft:raw_iron":7,"minecraft:cooked_porkchop":1,"minecraft:torch":4,"minecraft:dandelion":2,"minecraft:porkchop":19,"minecraft:sand":19,"minecraft:jungle_planks":49,"minecraft:white_bed":4,"minecraft:stone_sword":1,"minecraft:rotten_flesh":2,"minecraft:arrow":2,"minecraft:light_gray_bed":1,"minecraft:stone_axe":6,"minecraft:oak_sapling":38,"minecraft:mutton":20,"minecraft:coal":53,"minecraft:white_wool":9,"minecraft:cobblestone":143},"minecraft:used":{"minecraft:cooked_mutton":1,"minecraft:birch_planks":122,"minecraft:stone_pickaxe":159,"minecraft:chest":4,"minecraft:wooden_pickaxe":20,"minecraft:sugar_cane":15,"minecraft:cooked_chicken":2,"minecraft:torch":29,"minecraft:sand":24,"minecraft:dirt":38,"minecraft:crafting_table":6,"minecraft:campfire":1,"minecraft:white_bed":5,"minecraft:wooden_axe":51,"minecraft:apple":13,"minecraft:melon_slice":59,"minecraft:birch_sapling":4,"minecraft:stone_axe":1071,"minecraft:cobblestone":55,"minecraft:furnace":2,"minecraft:cooked_porkchop":1,"minecraft:cooked_beef":5,"minecraft:light_gray_bed":1},"minecraft:crafted":{"minecraft:oak_planks":372,"minecraft:stone_shovel":1,"minecraft:crafting_table":2,"minecraft:wooden_pickaxe":1,"minecraft:birch_planks":540,"minecraft:campfire":1,"minecraft:stone_axe":14,"minecraft:cooked_mutton":1,"minecraft:air":0,"minecraft:jungle_planks":20,"minecraft:glass":69,"minecraft:stick":52,"minecraft:iron_ingot":5,"minecraft:stone_pickaxe":6,"minecraft:wooden_axe":1,"minecraft:chest":4,"minecraft:white_bed":1,"minecraft:torch":44,"minecraft:cooked_beef":3},"minecraft:dropped":{"minecraft:stone_axe":3,"minecraft:cooked_beef":1,"minecraft:dirt":1,"minecraft:melon_slice":15,"minecraft:stone_pickaxe":4},"minecraft:custom":{"minecraft:interact_with_furnace":30,"minecraft:mob_kills":34,"minecraft:interact_with_crafting_table":28,"minecraft:interact_with_campfire":17,"minecraft:leave_game":9,"minecraft:time_since_death":106400,"minecraft:sleep_in_bed":12,"minecraft:climb_one_cm":214,"minecraft:time_since_rest":25577,"minecraft:sprint_one_cm":385942,"minecraft:damage_taken":1504,"minecraft:walk_one_cm":337459,"minecraft:drop":10,"minecraft:damage_dealt":3148,"minecraft:swim_one_cm":46758,"minecraft:fly_one_cm":839036,"minecraft:open_chest":72,"minecraft:play_time":148730,"minecraft:crouch_one_cm":25899,"minecraft:sneak_time":15556,"minecraft:deaths":1,"minecraft:walk_under_water_one_cm":7462,"minecraft:jump":3474,"minecraft:walk_on_water_one_cm":12007,"minecraft:total_world_time":150268,"minecraft:fall_one_cm":108214}},"DataVersion":3465}