{"stats":{"minecraft:mined":{"minecraft:white_bed":2,"minecraft:glass_pane":6,"minecraft:jungle_leaves":2,"minecraft:dandelion":2,"minecraft:crafting_table":3,"minecraft:torch":2,"minecraft:grass_block":25,"minecraft:melon":14,"minecraft:jungle_planks":2,"minecraft:chest":8,"minecraft:jungle_log":17,"minecraft:light_gray_bed":5,"minecraft:copper_ore":1,"minecraft:tall_grass":4,"minecraft:oak_pressure_plate":1,"minecraft:glass":5,"minecraft:cobblestone":6,"minecraft:oak_planks":188,"minecraft:oxeye_daisy":1,"minecraft:wall_torch":1,"minecraft:birch_planks":75,"minecraft:fire":6,"minecraft:birch_log":6,"minecraft:iron_ore":1,"minecraft:andesite":8,"minecraft:pumpkin":2,"minecraft:azure_bluet":1,"minecraft:grass":30,"minecraft:oak_log":63,"minecraft:coal_ore":17,"minecraft:vine":3,"minecraft:gravel":1,"minecraft:sand":382,"minecraft:dirt":28,"minecraft:stone":71,"minecraft:oak_leaves":8,"minecraft:fern":4},"minecraft:broken":{"minecraft:stone_axe":4,"minecraft:stone_shovel":2},"minecraft:killed_by":{"minecraft:drowned":1},"minecraft:killed":{"minecraft:pig":1,"minecraft:spider":1,"minecraft:creeper":1,"minecraft:skeleton":1,"minecraft:sheep":4,"minecraft:pillager":1,"minecraft:zombie":1,"minecraft:chicken":2,"minecraft:drowned":1},"minecraft:picked_up":{"minecraft:birch_log":70,"minecraft:crafting_table":2,"minecraft:feather":14,"minecraft:azure_bluet":3,"minecraft:cooked_beef":1,"minecraft:chicken":8,"minecraft:andesite":8,"minecraft:jungle_log":25,"minecraft:wooden_pickaxe":2,"minecraft:birch_planks":138,"minecraft:flint":1,"minecraft:oak_log":240,"minecraft:gunpowder":3,"minecraft:string":2,"minecraft:dirt":54,"minecraft:raw_copper":2,"minecraft:glass":5,"minecraft:bone":6,"minecraft:apple":12,"minecraft:wheat_seeds":9,"minecraft:cooked_chicken":4,"minecraft:iron_ingot":5,"minecraft:stone_pickaxe":6,"minecraft:sugar_cane":7,"minecraft:melon_slice":232,"minecraft:chest":8,"minecraft:birch_sapling":7,"minecraft:oak_planks":182,"minecraft:egg":3,"minecraft:stick":20,"minecraft:raw_iron":1,"minecraft:pumpkin":2,"minecraft:torch":5,"minecraft:dandelion":2,"minecraft:oak_pressure_plate":1,"minecraft:porkchop":16,"minecraft:sand":824,"minecraft:jungle_planks":1,"minecraft:white_bed":1,"minecraft:rotten_flesh":4,"minecraft:arrow":4,"minecraft:stone_shovel":1,"minecraft:light_gray_bed":5,"minecraft:stone_axe":6,"minecraft:oak_sapling":48,"minecraft:mutton":14,"minecraft:coal":41,"minecraft:white_wool":3,"minecraft:cobblestone":72,"minecraft:oxeye_daisy":1},"minecraft:used":{"minecraft:stone_sword":5,"minecraft:birch_planks":1204,"minecraft:stone_pickaxe":94,"minecraft:stone_shovel":353,"minecraft:oak_planks":733,"minecraft:chest":12,"minecraft:wooden_pickaxe":15,"minecraft:oak_door":2,"minecraft:torch":9,"minecraft:sand":85,"minecraft:dirt":26,"minecraft:crafting_table":3,"minecraft:jungle_planks":4,"minecraft:jungle_slab":6,"minecraft:white_bed":1,"minecraft:glass":27,"minecraft:oak_log":71,"minecraft:apple":2,"minecraft:melon_slice":85,"minecraft:birch_sapling":3,"minecraft:oak_pressure_plate":3,"minecraft:stone_axe":418,"minecraft:cobblestone":23,"minecraft:oak_sapling":36,"minecraft:porkchop":1,"minecraft:furnace":2,"minecraft:cooked_porkchop":2,"minecraft:andesite":7,"minecraft:glass_pane":126,"minecraft:egg":2,"minecraft:cooked_beef":1,"minecraft:light_gray_bed":6},"minecraft:dropped":{"minecraft:porkchop":1,"minecraft:torch":1},"minecraft:crafted":{"minecraft:oak_door":3,"minecraft:oak_planks":428,"minecraft:stone_shovel":3,"minecraft:cooked_porkchop":3,"minecraft:crafting_table":1,"minecraft:oak_pressure_plate":2,"minecraft:wooden_pickaxe":1,"minecraft:furnace":2,"minecraft:birch_planks":728,"minecraft:stone_axe":2,"minecraft:jungle_slab":6,"minecraft:air":0,"minecraft:jungle_planks":68,"minecraft:glass_pane":144,"minecraft:light_gray_bed":1,"minecraft:glass":59,"minecraft:stick":16,"minecraft:stone_pickaxe":1,"minecraft:chest":4,"minecraft:stone_sword":1,"minecraft:white_bed":1,"minecraft:light_gray_dye":1,"minecraft:torch":20},"minecraft:custom":{"minecraft:interact_with_furnace":18,"minecraft:mob_kills":13,"minecraft:interact_with_crafting_table":23,"minecraft:leave_game":7,"minecraft:time_since_death":10024,"minecraft:sleep_in_bed":13,"minecraft:climb_one_cm":2198,"minecraft:time_since_rest":10052,"minecraft:sprint_one_cm":322714,"minecraft:damage_taken":1877,"minecraft:walk_one_cm":445560,"minecraft:drop":2,"minecraft:damage_dealt":1681,"minecraft:swim_one_cm":70327,"minecraft:fly_one_cm":749126,"minecraft:open_chest":79,"minecraft:play_time":140488,"minecraft:crouch_one_cm":29394,"minecraft:sneak_time":10043,"minecraft:deaths":3,"minecraft:walk_under_water_one_cm":13966,"minecraft:jump":3982,"minecraft:walk_on_water_one_cm":24204,"minecraft:total_world_time":140488,"minecraft:fall_one_cm":93871}},"DataVersion":3465}