{"stats":{"minecraft:killed_by":{"minecraft:drowned":1},"minecraft:broken":{"minecraft:stone_axe":5},"minecraft:mined":{"minecraft:white_bed":2,"minecraft:crafting_table":3,"minecraft:torch":1,"minecraft:grass_block":2,"minecraft:melon":24,"minecraft:jungle_log":9,"minecraft:light_gray_bed":1,"minecraft:cobblestone":5,"minecraft:oak_planks":4,"minecraft:sugar_cane":4,"minecraft:wall_torch":1,"minecraft:birch_log":227,"minecraft:iron_ore":4,"minecraft:birch_leaves":2,"minecraft:grass":35,"minecraft:oak_log":413,"minecraft:coal_ore":24,"minecraft:vine":4,"minecraft:dirt":5,"minecraft:stone":40,"minecraft:oak_leaves":34,"minecraft:fern":5},"minecraft:custom":{"minecraft:interact_with_furnace":13,"minecraft:mob_kills":14,"minecraft:interact_with_crafting_table":13,"minecraft:leave_game":5,"minecraft:time_since_death":34228,"minecraft:sleep_in_bed":8,"minecraft:climb_one_cm":214,"minecraft:time_since_rest":5644,"minecraft:sprint_one_cm":169695,"minecraft:damage_taken":724,"minecraft:walk_one_cm":158832,"minecraft:drop":1,"minecraft:damage_dealt":1255,"minecraft:swim_one_cm":8430,"minecraft:fly_one_cm":316570,"minecraft:open_chest":43,"minecraft:crouch_one_cm":14873,"minecraft:play_time":76558,"minecraft:deaths":1,"minecraft:sneak_time":9943,"minecraft:walk_under_water_one_cm":1230,"minecraft:jump":1446,"minecraft:walk_on_water_one_cm":5427,"minecraft:total_world_time":77021,"minecraft:fall_one_cm":42350},"minecraft:used":{"minecraft:stone_pickaxe":56,"minecraft:chest":4,"minecraft:wooden_pickaxe":20,"minecraft:torch":1,"minecraft:dirt":14,"minecraft:crafting_table":5,"minecraft:white_bed":3,"minecraft:wooden_axe":51,"minecraft:apple":12,"minecraft:melon_slice":25,"minecraft:stone_axe":668,"minecraft:cobblestone":11,"minecraft:light_gray_bed":1},"minecraft:picked_up":{"minecraft:wooden_axe":1,"minecraft:birch_log":225,"minecraft:crafting_table":4,"minecraft:feather":6,"minecraft:chicken":4,"minecraft:jungle_log":9,"minecraft:andesite":1,"minecraft:wooden_pickaxe":1,"minecraft:birch_planks":8,"minecraft:oak_log":413,"minecraft:dirt":40,"minecraft:bone":2,"minecraft:apple":13,"minecraft:wheat_seeds":14,"minecraft:stone_pickaxe":1,"minecraft:beef":2,"minecraft:melon_slice":134,"minecraft:sugar_cane":7,"minecraft:birch_sapling":7,"minecraft:oak_planks":5,"minecraft:egg":2,"minecraft:stick":9,"minecraft:raw_iron":5,"minecraft:torch":2,"minecraft:dandelion":2,"minecraft:sand":1,"minecraft:porkchop":10,"minecraft:jungle_planks":49,"minecraft:white_bed":2,"minecraft:rotten_flesh":2,"minecraft:stone_sword":1,"minecraft:arrow":2,"minecraft:light_gray_bed":1,"minecraft:stone_axe":1,"minecraft:oak_sapling":37,"minecraft:mutton":10,"minecraft:coal":34,"minecraft:white_wool":3,"minecraft:cobblestone":45},"minecraft:killed":{"minecraft:pig":6,"minecraft:skeleton":1,"minecraft:sheep":2,"minecraft:chicken":4,"minecraft:cow":1},"minecraft:dropped":{"minecraft:dirt":1},"minecraft:crafted":{"minecraft:oak_planks":360,"minecraft:crafting_table":1,"minecraft:wooden_pickaxe":1,"minecraft:birch_planks":412,"minecraft:stone_axe":10,"minecraft:air":0,"minecraft:jungle_planks":20,"minecraft:glass":69,"minecraft:stick":24,"minecraft:iron_ingot":5,"minecraft:stone_pickaxe":1,"minecraft:wooden_axe":1,"minecraft:chest":4,"minecraft:white_bed":1}},"DataVersion":3465}