{"stats":{"minecraft:killed_by":{"minecraft:drowned":1},"minecraft:broken":{"minecraft:stone_axe":1,"minecraft:stone_shovel":2},"minecraft:mined":{"minecraft:white_bed":1,"minecraft:jungle_leaves":2,"minecraft:dandelion":2,"minecraft:crafting_table":2,"minecraft:torch":2,"minecraft:grass_block":15,"minecraft:melon":14,"minecraft:jungle_planks":2,"minecraft:jungle_log":17,"minecraft:light_gray_bed":1,"minecraft:cobblestone":3,"minecraft:oak_planks":10,"minecraft:oxeye_daisy":1,"minecraft:wall_torch":1,"minecraft:birch_planks":42,"minecraft:birch_log":6,"minecraft:iron_ore":1,"minecraft:andesite":5,"minecraft:azure_bluet":1,"minecraft:grass":17,"minecraft:oak_log":63,"minecraft:coal_ore":11,"minecraft:vine":3,"minecraft:sand":342,"minecraft:dirt":23,"minecraft:stone":53,"minecraft:oak_leaves":7,"minecraft:fern":4},"minecraft:custom":{"minecraft:interact_with_furnace":7,"minecraft:mob_kills":9,"minecraft:interact_with_crafting_table":16,"minecraft:leave_game":4,"minecraft:time_since_death":33808,"minecraft:sleep_in_bed":7,"minecraft:climb_one_cm":1718,"minecraft:time_since_rest":5644,"minecraft:sprint_one_cm":131186,"minecraft:damage_taken":887,"minecraft:walk_one_cm":256775,"minecraft:drop":1,"minecraft:damage_dealt":896,"minecraft:swim_one_cm":18163,"minecraft:fly_one_cm":312756,"minecraft:open_chest":39,"minecraft:play_time":71458,"minecraft:crouch_one_cm":13243,"minecraft:sneak_time":4500,"minecraft:deaths":1,"minecraft:walk_under_water_one_cm":2365,"minecraft:jump":1781,"minecraft:walk_on_water_one_cm":10344,"minecraft:total_world_time":71458,"minecraft:fall_one_cm":47470},"minecraft:used":{"minecraft:stone_sword":5,"minecraft:birch_planks":787,"minecraft:stone_pickaxe":59,"minecraft:stone_shovel":322,"minecraft:oak_planks":730,"minecraft:wooden_pickaxe":15,"minecraft:oak_door":2,"minecraft:torch":7,"minecraft:sand":83,"minecraft:dirt":17,"minecraft:crafting_table":2,"minecraft:jungle_planks":4,"minecraft:jungle_slab":6,"minecraft:white_bed":1,"minecraft:oak_log":35,"minecraft:apple":1,"minecraft:melon_slice":44,"minecraft:stone_axe":176,"minecraft:cobblestone":19,"minecraft:furnace":2,"minecraft:oak_sapling":6,"minecraft:porkchop":1,"minecraft:andesite":4,"minecraft:light_gray_bed":2},"minecraft:picked_up":{"minecraft:birch_log":70,"minecraft:crafting_table":1,"minecraft:feather":8,"minecraft:azure_bluet":2,"minecraft:chicken":8,"minecraft:andesite":5,"minecraft:jungle_log":21,"minecraft:wooden_pickaxe":1,"minecraft:birch_planks":105,"minecraft:oak_log":217,"minecraft:gunpowder":2,"minecraft:dirt":28,"minecraft:bone":2,"minecraft:apple":10,"minecraft:wheat_seeds":6,"minecraft:stone_pickaxe":1,"minecraft:sugar_cane":7,"minecraft:melon_slice":217,"minecraft:birch_sapling":5,"minecraft:oak_planks":8,"minecraft:egg":1,"minecraft:stick":11,"minecraft:raw_iron":1,"minecraft:torch":4,"minecraft:dandelion":2,"minecraft:porkchop":9,"minecraft:sand":661,"minecraft:jungle_planks":1,"minecraft:white_bed":1,"minecraft:rotten_flesh":2,"minecraft:arrow":2,"minecraft:stone_shovel":1,"minecraft:light_gray_bed":1,"minecraft:stone_axe":2,"minecraft:oak_sapling":45,"minecraft:mutton":10,"minecraft:coal":34,"minecraft:white_wool":3,"minecraft:cobblestone":55,"minecraft:oxeye_daisy":1},"minecraft:killed":{"minecraft:pig":1,"minecraft:creeper":1,"minecraft:sheep":4,"minecraft:chicken":2,"minecraft:drowned":1},"minecraft:dropped":{"minecraft:porkchop":1},"minecraft:crafted":{"minecraft:oak_door":3,"minecraft:oak_planks":428,"minecraft:stone_shovel":3,"minecraft:crafting_table":1,"minecraft:wooden_pickaxe":1,"minecraft:furnace":2,"minecraft:birch_planks":392,"minecraft:stone_axe":2,"minecraft:jungle_slab":6,"minecraft:jungle_planks":68,"minecraft:light_gray_bed":1,"minecraft:stick":12,"minecraft:stone_pickaxe":1,"minecraft:stone_sword":1,"minecraft:white_bed":1,"minecraft:light_gray_dye":1,"minecraft:torch":4}},"DataVersion":3465}